Name,HeadCount
10005.jpg,1.6309335
10009.jpg,1.5749342
10015.jpg,1.6462128
10022.jpg,1.6283336
10023.jpg,1.5597575
10024.jpg,1.6125557
10025.jpg,1.560478
10029.jpg,1.6167417
10030.jpg,1.6192865
10033.jpg,1.5837648
10036.jpg,1.5890427
10037.jpg,1.6521897
10044.jpg,1.6122379
10047.jpg,1.6631086
10048.jpg,1.7007306
10050.jpg,1.6126082
10052.jpg,1.6232142
10053.jpg,1.5892258
10056.jpg,1.6256657
10057.jpg,1.5818329
10058.jpg,1.5780344
10064.jpg,1.6207516
10065.jpg,1.6955905
10068.jpg,1.6634972
10071.jpg,1.6074085
10077.jpg,1.6330042
10079.jpg,1.5911067
10085.jpg,1.6773863
10091.jpg,1.6260738
10094.jpg,1.6465454
10096.jpg,1.6322384
10099.jpg,1.6290596
10101.jpg,1.5529625
10105.jpg,1.6563842
10108.jpg,1.6271183
10109.jpg,1.5432799
10111.jpg,1.5821168
10112.jpg,1.6314816
10127.jpg,1.6101296
10128.jpg,1.6139255
10129.jpg,1.6283667
10132.jpg,1.6012192
10135.jpg,1.631439
10137.jpg,1.6733098
10139.jpg,1.6560702
10140.jpg,1.561491
10146.jpg,1.5976846
10151.jpg,1.6131651
10152.jpg,1.5884447
10156.jpg,1.5890865
10157.jpg,1.6110804
10163.jpg,1.6276534
10164.jpg,1.6630356
10165.jpg,1.6107576
10166.jpg,1.5840788
10167.jpg,1.617387
10172.jpg,1.6498916
10178.jpg,1.633019
10181.jpg,1.5408218
10182.jpg,1.5269356
10188.jpg,1.6282146
10190.jpg,1.6129241
10191.jpg,1.6445544
10195.jpg,1.6603389
10196.jpg,1.6051071
10197.jpg,1.7086668
10201.jpg,1.6346672
10202.jpg,1.6373911
10210.jpg,1.5555482
10212.jpg,1.5788605
10214.jpg,1.6009469
10215.jpg,1.5496414
10220.jpg,1.6249297
10224.jpg,1.6028824
10225.jpg,1.5690169
10227.jpg,1.6231108
10233.jpg,1.5588403
10235.jpg,1.6491234
10238.jpg,1.6180284
10241.jpg,1.5985773
10243.jpg,1.6234446
10251.jpg,1.6056333
10253.jpg,1.5815184
10256.jpg,1.6039622
10261.jpg,1.5638742
10263.jpg,1.6113884
10265.jpg,1.5640733
10266.jpg,1.572947
10272.jpg,1.6558228
10274.jpg,1.5899749
10275.jpg,1.6520853
10278.jpg,1.6206241
10281.jpg,1.6312666
10283.jpg,1.6126001
10291.jpg,1.6001775
10292.jpg,1.6024165
10293.jpg,1.5632908
10295.jpg,1.5871372
10296.jpg,1.5935535
10297.jpg,1.5889361
10298.jpg,1.575778
10305.jpg,1.6475213
10309.jpg,1.6397402
10310.jpg,1.6361673
10314.jpg,1.6226292
10316.jpg,1.5857949
10318.jpg,1.5808973
10324.jpg,1.62532
10328.jpg,1.609582
10330.jpg,1.7121859
10331.jpg,1.6040683
10332.jpg,1.7116752
10339.jpg,1.6190982
10340.jpg,1.5998635
10344.jpg,1.6485412
10346.jpg,1.6136024
10347.jpg,1.609339
10352.jpg,1.6151597
10356.jpg,1.6239345
10358.jpg,1.5849235
10363.jpg,1.5670788
10366.jpg,1.6103253
10367.jpg,1.6265919
10372.jpg,1.5613852
10375.jpg,1.6860492
10378.jpg,1.5938945
10379.jpg,1.6517847
10381.jpg,1.6020234
10386.jpg,1.4474847
10389.jpg,1.6279304
10390.jpg,1.5954206
10391.jpg,1.6148734
10392.jpg,1.5814416
10393.jpg,1.656487
10402.jpg,1.6353996
10404.jpg,1.5978436
10409.jpg,1.6206355
10410.jpg,1.5946212
10412.jpg,1.5818315
10414.jpg,1.5672591
10416.jpg,1.5975757
10422.jpg,1.6171644
10428.jpg,1.6269014
10432.jpg,1.5704176
10434.jpg,1.6580205
10438.jpg,1.6065826
10440.jpg,1.655716
10444.jpg,1.5783539
10450.jpg,1.6695197
10454.jpg,1.6324029
10459.jpg,1.6186998
10460.jpg,1.5868251
10466.jpg,1.5955598
10468.jpg,1.6016464
10479.jpg,1.6165154
10483.jpg,1.5929909
10488.jpg,1.6399195
10494.jpg,1.6057448
10495.jpg,1.677115
10498.jpg,1.6984394
10500.jpg,1.6147566
10501.jpg,1.6304603
10508.jpg,1.6002336
10513.jpg,1.6509652
10515.jpg,1.6301849
10522.jpg,1.5961473
10523.jpg,1.6098304
10526.jpg,1.6280954
10527.jpg,1.7120681
10529.jpg,1.6500382
10534.jpg,1.5594513
10535.jpg,1.6207507
10537.jpg,1.6201103
10543.jpg,1.6371179
10544.jpg,1.6349545
10545.jpg,1.6261048
10549.jpg,1.6473978
10551.jpg,1.730087
10554.jpg,1.6598878
10560.jpg,1.5608668
10563.jpg,1.6624882
10567.jpg,1.6455305
10578.jpg,1.5910933
10582.jpg,1.5329974
10589.jpg,1.6534784
10590.jpg,1.4909568
10591.jpg,1.695847
10603.jpg,1.5217996
10607.jpg,1.628084
10608.jpg,1.5841596
10612.jpg,1.5703502
10616.jpg,1.7060738
10619.jpg,1.6927965
10620.jpg,1.6462023
10621.jpg,1.6896422
10625.jpg,1.601438
10628.jpg,1.6324401
10632.jpg,1.6713402
10634.jpg,1.656229
10639.jpg,1.615129
10645.jpg,1.6041188
10646.jpg,1.5986555
10650.jpg,1.6569247
10654.jpg,1.5619888
10656.jpg,1.616154
10660.jpg,1.6131997
10661.jpg,1.6000865
10662.jpg,1.5314629
10663.jpg,1.6018603
10665.jpg,1.6134453
10676.jpg,1.609451
10678.jpg,1.6436965
10689.jpg,1.6241939
10692.jpg,1.6422181
10696.jpg,1.650006
10697.jpg,1.5811024
10703.jpg,1.6427405
10711.jpg,1.5920205
10714.jpg,1.621073
10721.jpg,1.5366516
10723.jpg,1.5952404
10728.jpg,1.5847952
10730.jpg,1.6419325
10731.jpg,1.7113185
10736.jpg,1.6091931
10742.jpg,1.5074766
10744.jpg,1.5615349
10748.jpg,1.6216934
10749.jpg,1.5252264
10750.jpg,1.6147788
10751.jpg,1.7057796
10752.jpg,1.6122744
10757.jpg,1.6512935
10760.jpg,1.54845
10761.jpg,1.647121
10763.jpg,1.6172969
10764.jpg,1.6556225
10765.jpg,1.5859935
10766.jpg,1.613683
10768.jpg,1.5990331
10777.jpg,1.5639863
10781.jpg,1.5767691
10782.jpg,1.6237404
10787.jpg,1.679385
10788.jpg,1.6382363
10789.jpg,1.5938654
10793.jpg,1.5779202
10795.jpg,1.5305429
10800.jpg,1.7189503
10805.jpg,1.6473968
10811.jpg,1.6239073
10813.jpg,1.5994618
10816.jpg,1.5904512
10818.jpg,1.607214
10819.jpg,1.5688767
10820.jpg,1.5953901
10822.jpg,1.6747141
10825.jpg,1.6212606
10828.jpg,1.6378088
10830.jpg,1.6154156
10831.jpg,1.6359177
10833.jpg,1.6093333
10834.jpg,1.6493917
10837.jpg,1.6004858
10843.jpg,1.5688174
10844.jpg,1.5342381
10845.jpg,1.6266379
10851.jpg,1.6017485
10858.jpg,1.4865844
10860.jpg,1.6098273
10864.jpg,1.6252673
10869.jpg,1.623138
10873.jpg,1.6187949
10875.jpg,1.6744723
10882.jpg,1.6463497
10884.jpg,1.6315494
10885.jpg,1.5969365
10888.jpg,1.5785334
10889.jpg,1.6209536
10890.jpg,1.602412
10891.jpg,1.6018324
10892.jpg,1.6202207
10896.jpg,1.5962405
10899.jpg,1.6723759
10901.jpg,1.5960369
10902.jpg,1.6343277
10903.jpg,1.6417007
10911.jpg,1.6132522
10912.jpg,1.6223557
10913.jpg,1.6342437
10915.jpg,1.6507158
10919.jpg,1.741986
10920.jpg,1.718324
10921.jpg,1.6095731
10922.jpg,1.634949
10925.jpg,1.6049626
10926.jpg,1.6372802
10928.jpg,1.6734629
10933.jpg,1.7140491
10935.jpg,1.6923997
10938.jpg,1.5974696
10939.jpg,1.602623
10949.jpg,1.5890896
10951.jpg,1.6250739
10953.jpg,1.6281552
10956.jpg,1.601306
10958.jpg,1.5962658
10959.jpg,1.5570693
10964.jpg,1.6814556
10966.jpg,1.6306484
10970.jpg,1.6486421
10972.jpg,1.6336472
10983.jpg,1.6530924
10985.jpg,1.5962474
10990.jpg,1.5935299
10994.jpg,1.6166685
10995.jpg,1.6064336
10996.jpg,1.5715077
11011.jpg,1.6193414
11016.jpg,1.5948873
11018.jpg,1.4946661
11019.jpg,1.5953803
11021.jpg,1.5602784
11023.jpg,1.6037247
11024.jpg,1.5994453
11025.jpg,1.5095809
11026.jpg,1.529289
11027.jpg,1.52771
11028.jpg,1.5970466
11033.jpg,1.6322987
11039.jpg,1.5858614
11041.jpg,1.737304
11049.jpg,1.6246016
11050.jpg,1.6410401
11053.jpg,1.5826797
11056.jpg,1.5798464
11058.jpg,1.5986679
11067.jpg,1.5061367
11068.jpg,1.6408834
11072.jpg,1.569891
11080.jpg,1.5878336
11081.jpg,1.6300571
11082.jpg,1.6324778
11089.jpg,1.6619434
11094.jpg,1.6016614
11096.jpg,1.6035354
11102.jpg,1.6963046
11103.jpg,1.6876903
11106.jpg,1.630944
11107.jpg,1.5880477
11109.jpg,1.6004758
11115.jpg,1.6357429
11116.jpg,1.6590905
11117.jpg,1.6505265
11118.jpg,1.6674602
11122.jpg,1.6019571
11124.jpg,1.6059775
11126.jpg,1.6501532
11128.jpg,1.5737102
11131.jpg,1.4751055
11134.jpg,1.6296556
11138.jpg,1.6617236
11140.jpg,1.6088829
11141.jpg,1.5830257
11150.jpg,1.6596842
11152.jpg,1.5880649
11153.jpg,1.6018765
11158.jpg,1.5655873
11164.jpg,1.6468692
11167.jpg,1.6866992
11168.jpg,1.6116042
11181.jpg,1.5925093
11185.jpg,1.6461031
11188.jpg,1.5912092
11190.jpg,1.6131148
11192.jpg,1.5748589
11193.jpg,1.5517087
11198.jpg,1.661869
11201.jpg,1.6414535
11207.jpg,1.6284633
11208.jpg,1.7288578
11209.jpg,1.5660558
11216.jpg,1.6286972
11217.jpg,1.6107333
11219.jpg,1.6287909
11220.jpg,1.577085
11222.jpg,1.6257951
11224.jpg,1.6439896
11227.jpg,1.6215844
11228.jpg,1.6799054
11229.jpg,1.5769994
11230.jpg,1.5670571
11232.jpg,1.5549107
11239.jpg,1.5427527
11240.jpg,1.5996425
11248.jpg,1.5760067
11249.jpg,1.6206605
11250.jpg,1.6006618
11251.jpg,1.6117489
11253.jpg,1.599076
11255.jpg,1.7846141
11256.jpg,1.6690784
11259.jpg,1.6345866
11261.jpg,1.7301764
11267.jpg,1.683644
11268.jpg,1.6087937
11270.jpg,1.633029
11271.jpg,1.6414833
11281.jpg,1.5802641
11285.jpg,1.6269689
11286.jpg,1.6654944
11290.jpg,1.618417
11291.jpg,1.6251166
11294.jpg,1.5909133
11295.jpg,1.6034317
11303.jpg,1.6232336
11305.jpg,1.6556685
11314.jpg,1.6742468
11325.jpg,1.6330049
11328.jpg,1.5869713
11339.jpg,1.6390741
11345.jpg,1.6047409
11353.jpg,1.5559449
11354.jpg,1.5961485
11358.jpg,1.6033909
11364.jpg,1.5663235
11373.jpg,1.6324229
11374.jpg,1.657933
11377.jpg,1.630966
11378.jpg,1.669517
11381.jpg,1.572926
11383.jpg,1.6043077
11384.jpg,1.5616286
11385.jpg,1.6189625
11386.jpg,1.5443468
11390.jpg,1.6062138
11394.jpg,1.6441956
11398.jpg,1.5992067
11401.jpg,1.5901091
11409.jpg,1.5697141
11410.jpg,1.6950517
11411.jpg,1.6699331
11414.jpg,1.6555591
11420.jpg,1.6055958
11421.jpg,1.6535039
11424.jpg,1.6004968
11438.jpg,1.5897863
11441.jpg,1.6104794
11447.jpg,1.6544023
11450.jpg,1.5947843
11451.jpg,1.6251714
11455.jpg,1.6240537
11456.jpg,1.5807536
11461.jpg,1.6208014
11462.jpg,1.6684847
11463.jpg,1.5870256
11464.jpg,1.6065135
11470.jpg,1.6369064
11473.jpg,1.6261687
11474.jpg,1.6004424
11478.jpg,1.590796
11481.jpg,1.5570445
11490.jpg,1.5699344
11495.jpg,1.6938026
11497.jpg,1.5779552
11498.jpg,1.6196365
11501.jpg,1.5348215
11506.jpg,1.603601
11510.jpg,1.5536883
11516.jpg,1.6064348
11524.jpg,1.6033945
11527.jpg,1.6179414
11529.jpg,1.6495273
11536.jpg,1.7900765
11537.jpg,1.6623967
11539.jpg,1.6332648
11541.jpg,1.6029685
11543.jpg,1.6641269
11545.jpg,1.735467
11548.jpg,1.607369
11550.jpg,1.6646168
11560.jpg,1.6486232
11563.jpg,1.5492811
11566.jpg,1.661685
11568.jpg,1.5918322
11571.jpg,1.5970705
11573.jpg,1.6006536
11577.jpg,1.718725
11580.jpg,1.6787415
11585.jpg,1.5401475
11589.jpg,1.5987742
11590.jpg,1.626936
11593.jpg,1.5756943
11597.jpg,1.6273968
11599.jpg,1.6077411
11601.jpg,1.597554
11609.jpg,1.6193733
11611.jpg,1.6402221
11626.jpg,1.604799
11627.jpg,1.6270037
11629.jpg,1.5908849
11634.jpg,1.5961027
11642.jpg,1.6358132
11648.jpg,1.5137589
11650.jpg,1.5902956
11657.jpg,1.6652405
11658.jpg,1.6135185
11659.jpg,1.612494
11660.jpg,1.6356921
11666.jpg,1.5277066
11669.jpg,1.6146779
11670.jpg,1.754282
11680.jpg,1.592778
11683.jpg,1.7331092
11694.jpg,1.6004462
11695.jpg,1.625525
11698.jpg,1.6223874
11701.jpg,1.6320753
11705.jpg,1.4748926
11706.jpg,1.6664457
11711.jpg,1.7057421
11715.jpg,1.7023859
11719.jpg,1.5278208
11720.jpg,1.6285465
11730.jpg,1.6351488
11731.jpg,1.651566
11735.jpg,1.6294844
11737.jpg,1.5520182
11742.jpg,1.5901978
11743.jpg,1.6349559
11744.jpg,1.6223402
11747.jpg,1.5826826
11752.jpg,1.6157081
11753.jpg,1.5943861
11757.jpg,1.6414516
11762.jpg,1.5728831
11767.jpg,1.6224179
11770.jpg,1.621666
11771.jpg,1.6245077
11773.jpg,1.7180092
11778.jpg,1.6741757
11785.jpg,1.5914879
11790.jpg,1.530988
11791.jpg,1.5120337
11792.jpg,1.6402833
11794.jpg,1.6177113
11797.jpg,1.6191401
11801.jpg,1.5863111
11819.jpg,1.54829
11823.jpg,1.6005228
11826.jpg,1.6691866
11828.jpg,1.6141315
11829.jpg,1.6043098
11831.jpg,1.5802357
11834.jpg,1.618387
11836.jpg,1.598295
11837.jpg,1.5857995
11838.jpg,1.71559
11839.jpg,1.6647453
11842.jpg,1.6740823
11843.jpg,1.5731578
11846.jpg,1.5854924
11847.jpg,1.6344807
11848.jpg,1.5783558
11849.jpg,1.6893666
11850.jpg,1.6247203
11852.jpg,1.670649
11853.jpg,1.6624978
11857.jpg,1.6097484
11859.jpg,1.666405
11869.jpg,1.700799
11874.jpg,1.6119368
11876.jpg,1.6250651
11880.jpg,1.6360579
11881.jpg,1.6140974
11882.jpg,1.6449862
11886.jpg,1.6023302
11888.jpg,1.6210606
11890.jpg,1.6041665
11892.jpg,1.6065159
11893.jpg,1.6695929
11898.jpg,1.6122377
11899.jpg,1.5569317
11901.jpg,1.5478961
11902.jpg,1.6602082
11903.jpg,1.5824974
11910.jpg,1.6067531
11916.jpg,1.6158631
11917.jpg,1.6840787
11918.jpg,1.631228
11920.jpg,1.6110108
11924.jpg,1.651407
11926.jpg,1.6446018
11928.jpg,1.7147088
11931.jpg,1.6192477
11934.jpg,1.6150472
11936.jpg,1.6176229
11941.jpg,1.596441
11942.jpg,1.6243253
11959.jpg,1.6137562
11966.jpg,1.5926988
11968.jpg,1.6592019
11969.jpg,1.6056747
11971.jpg,1.6008375
11974.jpg,1.5681906
11980.jpg,1.5747328
11984.jpg,1.6595776
11986.jpg,1.5832884
11987.jpg,1.6432834
11988.jpg,1.6793857
11989.jpg,1.630964
11993.jpg,1.6989949
12000.jpg,1.5949354
12004.jpg,1.6705904
12005.jpg,1.591141
12010.jpg,1.6514983
12013.jpg,1.5977409
12014.jpg,1.5523896
12016.jpg,1.6646357
12017.jpg,1.6585965
12020.jpg,1.6335666
12023.jpg,1.6077428
12024.jpg,1.726785
12025.jpg,1.6282682
12026.jpg,1.6265612
12031.jpg,1.4943342
12032.jpg,1.6316288
12033.jpg,1.5398362
12034.jpg,1.5305388
12036.jpg,1.6068513
12038.jpg,1.6632402
12039.jpg,1.5972707
12043.jpg,1.6386623
12046.jpg,1.6924634
12049.jpg,1.5570254
12052.jpg,1.5392148
12054.jpg,1.6170924
12062.jpg,1.617131
12063.jpg,1.6516752
12067.jpg,1.6410728
12068.jpg,1.6432168
12071.jpg,1.5557201
12083.jpg,1.7394373
12094.jpg,1.6132774
12098.jpg,1.6167481
12102.jpg,1.6033976
12104.jpg,1.6603196
12105.jpg,1.6202338
12106.jpg,1.5987053
12110.jpg,1.6129751
12111.jpg,1.6318216
12115.jpg,1.590117
12117.jpg,1.5821891
12119.jpg,1.6336238
12120.jpg,1.6015818
12122.jpg,1.614239
12124.jpg,1.6258659
12125.jpg,1.739486
12127.jpg,1.5986929
12129.jpg,1.6325524
12136.jpg,1.6195204
12137.jpg,1.568892
12138.jpg,1.5814126
12142.jpg,1.5771122
12145.jpg,1.6644058
12148.jpg,1.6314037
12158.jpg,1.6768334
12161.jpg,1.6296208
12162.jpg,1.6315362
12164.jpg,1.6031561
12166.jpg,1.5541553
12176.jpg,1.5367002
12177.jpg,1.6101115
12179.jpg,1.5725844
12180.jpg,1.6108675
12183.jpg,1.6119888
12186.jpg,1.621371
12188.jpg,1.6295419
12189.jpg,1.6003957
12190.jpg,1.6733994
12192.jpg,1.6175234
12193.jpg,1.6362927
12194.jpg,1.56284
12196.jpg,1.607969
12209.jpg,1.5405769
12210.jpg,1.5993466
12214.jpg,1.6101868
12217.jpg,1.6677701
12218.jpg,1.5974874
12224.jpg,1.54404
12230.jpg,1.5940177
12234.jpg,1.6361952
12235.jpg,1.5734987
12236.jpg,1.6332986
12238.jpg,1.5967455
12240.jpg,1.6191888
12241.jpg,1.5879531
12245.jpg,1.5573146
12251.jpg,1.6256611
12255.jpg,1.6049311
12259.jpg,1.5866275
12260.jpg,1.5996416
12264.jpg,1.5742202
12266.jpg,1.5968859
12268.jpg,1.6169453
12270.jpg,1.644839
12273.jpg,1.5647483
12278.jpg,1.6508596
12284.jpg,1.6356008
12286.jpg,1.6002989
12292.jpg,1.5849082
12294.jpg,1.6327314
12296.jpg,1.6438754
12302.jpg,1.6736817
12305.jpg,1.6267455
12312.jpg,1.571495
12316.jpg,1.6056645
12318.jpg,1.6226225
12322.jpg,1.6152453
12323.jpg,1.5871592
12327.jpg,1.5946529
12328.jpg,1.6005244
12330.jpg,1.6529555
12331.jpg,1.6493249
12333.jpg,1.6032069
12334.jpg,1.6265585
12339.jpg,1.586333
12343.jpg,1.5965469
12355.jpg,1.6489999
12357.jpg,1.5959423
12361.jpg,1.646997
12363.jpg,1.6269054
12365.jpg,1.6994257
12369.jpg,1.6899633
12376.jpg,1.6011155
12377.jpg,1.6170273
12384.jpg,1.6165855
12388.jpg,1.5781794
12389.jpg,1.6303518
12393.jpg,1.631443
12395.jpg,1.6339736
12400.jpg,1.6214101
12404.jpg,1.6745219
12406.jpg,1.5372019
12411.jpg,1.6216238
12415.jpg,1.6842091
12428.jpg,1.5305126
12430.jpg,1.6258698
12434.jpg,1.7456782
12440.jpg,1.6222792
12442.jpg,1.5797102
12443.jpg,1.6052382
12445.jpg,1.6109073
12446.jpg,1.5712769
12455.jpg,1.6601486
12456.jpg,1.602009
12462.jpg,1.5770307
12465.jpg,1.5895367
12466.jpg,1.6499918
12469.jpg,1.6284804
12472.jpg,1.6321609
12475.jpg,1.4788606
12482.jpg,1.5917747
12488.jpg,1.5593162
12489.jpg,1.5941806
12495.jpg,1.6440048
12503.jpg,1.6566188
12509.jpg,1.5880687
12510.jpg,1.6491351
12514.jpg,1.671118
12516.jpg,1.5878081
12526.jpg,1.5037105
12527.jpg,1.4908338
12535.jpg,1.62273
12539.jpg,1.6470618
12540.jpg,1.5871158
12541.jpg,1.5947328
12547.jpg,1.5864036
12548.jpg,1.6597974
12550.jpg,1.6325972
12553.jpg,1.6090605
12555.jpg,1.583241
12556.jpg,1.5657554
12559.jpg,1.6416204
12565.jpg,1.6496291
12575.jpg,1.663327
12576.jpg,1.6301115
12578.jpg,1.5986078
12581.jpg,1.6060455
12582.jpg,1.5775964
12583.jpg,1.6168318
12586.jpg,1.6940136
12589.jpg,1.6181202
12590.jpg,1.6955535
12592.jpg,1.715266
12609.jpg,1.6277323
12613.jpg,1.6398089
12617.jpg,1.5804055
12624.jpg,1.570142
12626.jpg,1.6572421
12627.jpg,1.6616235
12631.jpg,1.6257846
12632.jpg,1.6337247
12634.jpg,1.6290932
12636.jpg,1.5927613
12637.jpg,1.6011195
12638.jpg,1.6742876
12639.jpg,1.6197543
12644.jpg,1.5706034
12646.jpg,1.6619897
12650.jpg,1.5841839
12652.jpg,1.6376362
12655.jpg,1.5094683
12658.jpg,1.7145615
12663.jpg,1.568882
12666.jpg,1.5842664
12667.jpg,1.6294942
12668.jpg,1.6497581
12672.jpg,1.6648617
12673.jpg,1.5394204
12678.jpg,1.6127574
12679.jpg,1.5121927
12681.jpg,1.6903057
12684.jpg,1.6470835
12689.jpg,1.6415932
12700.jpg,1.6593039
12703.jpg,1.5855818
12710.jpg,1.6180234
12713.jpg,1.6237609
12718.jpg,1.6135571
12729.jpg,1.6562939
12736.jpg,1.6199946
12737.jpg,1.5786381
12738.jpg,1.7166624
12739.jpg,1.6505802
12743.jpg,1.6406913
12751.jpg,1.5573463
12752.jpg,1.6208072
12754.jpg,1.6279435
12756.jpg,1.6000063
12758.jpg,1.5799274
12761.jpg,1.604255
12762.jpg,1.6007631
12765.jpg,1.5944688
12770.jpg,1.6312485
12771.jpg,1.6543705
12772.jpg,1.5252404
12773.jpg,1.5674975
12781.jpg,1.5899677
12784.jpg,1.5751648
12787.jpg,1.6155376
12788.jpg,1.6274223
12797.jpg,1.6511025
12798.jpg,1.6387203
12800.jpg,1.630615
12806.jpg,1.6197784
12807.jpg,1.6878386
12811.jpg,1.6538839
12812.jpg,1.6299143
12818.jpg,1.5603769
12821.jpg,1.6464195
12822.jpg,1.6398227
12827.jpg,1.6119356
12831.jpg,1.6477685
12833.jpg,1.6149032
12834.jpg,1.5919704
12835.jpg,1.5913355
12839.jpg,1.5417078
12840.jpg,1.5791221
12841.jpg,1.6008029
12842.jpg,1.5458126
12844.jpg,1.5609496
12848.jpg,1.6078968
12852.jpg,1.5608957
12858.jpg,1.6105759
12859.jpg,1.6608884
12869.jpg,1.5480311
12877.jpg,1.5085716
12878.jpg,1.5662704
12880.jpg,1.5991771
12886.jpg,1.6532402
12888.jpg,1.6298041
12889.jpg,1.6148691
12891.jpg,1.6988821
12896.jpg,1.6015484
12901.jpg,1.5597155
12905.jpg,1.5663431
12906.jpg,1.567236
12908.jpg,1.5530682
12912.jpg,1.6354635
12913.jpg,1.597688
12915.jpg,1.6170118
12917.jpg,1.6671629
12919.jpg,1.6794991
12920.jpg,1.61794
12927.jpg,1.6779118
12928.jpg,1.5898993
12930.jpg,1.636214
12932.jpg,1.6010172
12936.jpg,1.7019746
12939.jpg,1.6568575
12940.jpg,1.6208973
12946.jpg,1.6170561
12948.jpg,1.5912638
12952.jpg,1.6214015
12954.jpg,1.5650573
12959.jpg,1.6364784
12960.jpg,1.6202064
12966.jpg,1.5864294
12968.jpg,1.5964892
12971.jpg,1.5934801
12975.jpg,1.6522913
12979.jpg,1.6172843
12982.jpg,1.6543367
12984.jpg,1.6488831
12985.jpg,1.6425261
12989.jpg,1.5853176
12994.jpg,1.5915253
12995.jpg,1.6088777
12996.jpg,1.603117
13010.jpg,1.6954322
13011.jpg,1.5924542
13013.jpg,1.700182
13014.jpg,1.6465976
13015.jpg,1.6800776
13020.jpg,1.6472018
13024.jpg,1.7093623
13027.jpg,1.6802406
13029.jpg,1.7126245
13031.jpg,1.7280562
13038.jpg,1.591124
13040.jpg,1.6398759
13041.jpg,1.6843255
13042.jpg,1.6839855
13043.jpg,1.6891809
13044.jpg,1.6984024
13045.jpg,1.6424091
13046.jpg,1.6645517
13048.jpg,1.6432884
13052.jpg,1.5888035
13054.jpg,1.6429117
13065.jpg,1.6149359
13066.jpg,1.5673015
13073.jpg,1.6607735
13074.jpg,1.6678183
13082.jpg,1.725555
13087.jpg,1.6361578
13091.jpg,1.5527415
13092.jpg,1.5778134
13096.jpg,1.677264
13105.jpg,1.5687788
13113.jpg,1.5728133
13118.jpg,1.570015
13119.jpg,1.6354256
13120.jpg,1.6135457
13121.jpg,1.6130292
13123.jpg,1.5952752
13128.jpg,1.6195877
13131.jpg,1.6493363
13132.jpg,1.6163068
13133.jpg,1.5887597
13134.jpg,1.6064775
13137.jpg,1.6632118
13138.jpg,1.7605162
13141.jpg,1.6168542
13145.jpg,1.5896962
13147.jpg,1.590009
13150.jpg,1.5871785
13158.jpg,1.5908313
13159.jpg,1.5921772
13165.jpg,1.6715679
13170.jpg,1.6582074
13171.jpg,1.6374619
13174.jpg,1.647368
13178.jpg,1.6864772
13182.jpg,1.610992
13183.jpg,1.6403828
13186.jpg,1.6278496
13190.jpg,1.6144669
13193.jpg,1.5844293
13201.jpg,1.6415021
13203.jpg,1.6456065
13216.jpg,1.5591233
13219.jpg,1.5959358
13221.jpg,1.6273882
13223.jpg,1.660243
13224.jpg,1.6019821
13225.jpg,1.675595
13227.jpg,1.6001353
13228.jpg,1.5963848
13231.jpg,1.6066792
13236.jpg,1.619323
13238.jpg,1.6223052
13243.jpg,1.65377
13251.jpg,1.6123385
13252.jpg,1.6147435
13258.jpg,1.631212
13259.jpg,1.6540027
13266.jpg,1.5432012
13268.jpg,1.5420024
13270.jpg,1.6347396
13271.jpg,1.6800127
13273.jpg,1.6608684
13276.jpg,1.6462703
13277.jpg,1.6535356
13283.jpg,1.6523294
13287.jpg,1.6652999
13294.jpg,1.6079772
13301.jpg,1.6849954
13307.jpg,1.5817525
13309.jpg,1.6501255
13316.jpg,1.6712425
13323.jpg,1.5880711
13324.jpg,1.513103
13329.jpg,1.5412862
13332.jpg,1.6022074
13333.jpg,1.6197312
13336.jpg,1.6987643
13337.jpg,1.637322
13340.jpg,1.6482651
13342.jpg,1.6749089
13343.jpg,1.5870941
13344.jpg,1.6040843
13347.jpg,1.655647
13349.jpg,1.6566021
13350.jpg,1.6703854
13351.jpg,1.6621039
13356.jpg,1.6070201
13358.jpg,1.5276022
13366.jpg,1.5381167
13368.jpg,1.6289768
13373.jpg,1.6554615
13374.jpg,1.6152458
13375.jpg,1.5403957
13376.jpg,1.6177804
13383.jpg,1.6264131
13386.jpg,1.5626206
13387.jpg,1.5685172
13390.jpg,1.6503963
13391.jpg,1.6587894
13399.jpg,1.6316497
13400.jpg,1.5572729
13405.jpg,1.6577766
13408.jpg,1.6340983
13410.jpg,1.7073097
13412.jpg,1.6685619
13414.jpg,1.707711
13417.jpg,1.6241939
13423.jpg,1.5694823
13429.jpg,1.6059425
13430.jpg,1.6022413
13432.jpg,1.5802491
13433.jpg,1.5944743
13436.jpg,1.6001036
13438.jpg,1.6122515
13439.jpg,1.6311569
13443.jpg,1.719821
13449.jpg,1.5680878
13451.jpg,1.6580782
13453.jpg,1.6377861
13457.jpg,1.6250834
13458.jpg,1.6211464
13468.jpg,1.7132854
13485.jpg,1.5970213
13490.jpg,1.6059458
13493.jpg,1.6917796
13494.jpg,1.6497219
13499.jpg,1.5444334
13500.jpg,1.5655973
13501.jpg,1.6725466
13505.jpg,1.5863812
13506.jpg,1.5704181
13507.jpg,1.547967
13511.jpg,1.553236
13514.jpg,1.6527357
13522.jpg,1.5508492
13523.jpg,1.6576784
13527.jpg,1.6356044
13528.jpg,1.5761058
13529.jpg,1.5835595
13534.jpg,1.644208
13539.jpg,1.5910234
13545.jpg,1.6242845
13548.jpg,1.5653265
13550.jpg,1.6173458
13553.jpg,1.7025259
13556.jpg,1.5417018
13558.jpg,1.6191092
13565.jpg,1.6351316
13567.jpg,1.6570866
13571.jpg,1.6384983
13572.jpg,1.5954642
13577.jpg,1.6361156
13580.jpg,1.6358671
13593.jpg,1.614876
13594.jpg,1.5833588
13595.jpg,1.6157224
13598.jpg,1.5666785
13600.jpg,1.5411482
13601.jpg,1.7495801
13608.jpg,1.6339433
13612.jpg,1.6193066
13614.jpg,1.6137764
13617.jpg,1.6124778
13620.jpg,1.7470326
13623.jpg,1.5977888
13625.jpg,1.5740035
13628.jpg,1.592742
13633.jpg,1.653117
13634.jpg,1.6240475
13638.jpg,1.5739186
13639.jpg,1.6029017
13643.jpg,1.5779972
13645.jpg,1.6281822
13656.jpg,1.582798
13660.jpg,1.7451582
13661.jpg,1.6274285
13663.jpg,1.6434753
13668.jpg,1.5904772
13673.jpg,1.5800538
13674.jpg,1.6131303
13681.jpg,1.6179514
13684.jpg,1.6408293
13685.jpg,1.641257
13689.jpg,1.6176457
13690.jpg,1.6165967
13697.jpg,1.5571232
13698.jpg,1.6968703
13700.jpg,1.5814652
13702.jpg,1.5673468
13703.jpg,1.6423047
13709.jpg,1.590972
13711.jpg,1.6010323
13712.jpg,1.6300285
13721.jpg,1.5898087
13726.jpg,1.613435
13728.jpg,1.5699611
13729.jpg,1.6126771
13730.jpg,1.6182024
13734.jpg,1.5997221
13745.jpg,1.6191223
13746.jpg,1.6357088
13750.jpg,1.6073527
13757.jpg,1.643827
13758.jpg,1.6700895
13765.jpg,1.6128905
13767.jpg,1.556037
13771.jpg,1.6441815
13774.jpg,1.6514454
13776.jpg,1.6633966
13781.jpg,1.576622
13784.jpg,1.606839
13785.jpg,1.6298008
13787.jpg,1.5939112
13788.jpg,1.5796762
13792.jpg,1.507402
13796.jpg,1.6434143
13801.jpg,1.6265645
13803.jpg,1.6662877
13804.jpg,1.6521037
13809.jpg,1.6169167
13810.jpg,1.6501999
13811.jpg,1.6010735
13814.jpg,1.6351595
13815.jpg,1.6009412
13816.jpg,1.6077702
13818.jpg,1.5817666
13825.jpg,1.5717623
13827.jpg,1.6600058
13832.jpg,1.6086938
13835.jpg,1.6445601
13851.jpg,1.5623624
13855.jpg,1.5823579
13856.jpg,1.5736418
13859.jpg,1.5634592
13860.jpg,1.6953716
13863.jpg,1.5897355
13867.jpg,1.6887269
13868.jpg,1.6971388
13869.jpg,1.5927856
13870.jpg,1.6066356
13873.jpg,1.6936374
13874.jpg,1.6816974
13876.jpg,1.659776
13877.jpg,1.6308067
13879.jpg,1.627862
13883.jpg,1.5717025
13888.jpg,1.6353831
13889.jpg,1.6553178
13891.jpg,1.6668189
13893.jpg,1.6808372
13901.jpg,1.6247199
13902.jpg,1.598309
13904.jpg,1.6392448
13905.jpg,1.6470985
13909.jpg,1.6214745
13910.jpg,1.6482103
13911.jpg,1.6429324
13918.jpg,1.6432714
13920.jpg,1.6168149
13922.jpg,1.6427827
13923.jpg,1.6087642
13926.jpg,1.6748297
13930.jpg,1.7302015
13933.jpg,1.5563998
13938.jpg,1.588928
13939.jpg,1.7144792
13943.jpg,1.5831194
13944.jpg,1.5926762
13946.jpg,1.6392624
13948.jpg,1.6272864
13949.jpg,1.6005967
13959.jpg,1.6114392
13965.jpg,1.5987558
13973.jpg,1.596241
13975.jpg,1.6263855
13976.jpg,1.6143963
13977.jpg,1.6853781
13981.jpg,1.6026073
13984.jpg,1.5889051
13986.jpg,1.6457298
13991.jpg,1.6445615
13994.jpg,1.6584747
13998.jpg,1.627919
14005.jpg,1.6093271
14006.jpg,1.5912359
14009.jpg,1.5804632
14011.jpg,1.6558914
14014.jpg,1.5887806
14016.jpg,1.672818
14019.jpg,1.6259451
14021.jpg,1.578994
14024.jpg,1.6414783
14027.jpg,1.688884
14029.jpg,1.6203074
14031.jpg,1.742502
14035.jpg,1.6695571
14038.jpg,1.5939126
14040.jpg,1.6298714
14042.jpg,1.6117163
14045.jpg,1.5848758
14046.jpg,1.5989287
14051.jpg,1.7211258
14055.jpg,1.6403089
14056.jpg,1.6269524
14058.jpg,1.6245325
14060.jpg,1.7037256
14063.jpg,1.5274956
14066.jpg,1.5556915
14091.jpg,1.5953367
14093.jpg,1.5980821
14094.jpg,1.6310141
14095.jpg,1.5758314
14099.jpg,1.542675
14100.jpg,1.5405676
14102.jpg,1.54358
14103.jpg,1.5270917
14105.jpg,1.6441691
14106.jpg,1.6137669
14107.jpg,1.5672033
14113.jpg,1.6882532
14114.jpg,1.6656523
14115.jpg,1.5505524
14117.jpg,1.599983
14121.jpg,1.6794996
14123.jpg,1.611171
14131.jpg,1.5889978
14132.jpg,1.5563719
14137.jpg,1.5591323
14140.jpg,1.7314804
14141.jpg,1.6497412
14142.jpg,1.6418622
14155.jpg,1.6081333
14157.jpg,1.6497719
14163.jpg,1.6131167
14168.jpg,1.6055582
14170.jpg,1.6169245
14173.jpg,1.6207893
14175.jpg,1.652359
14176.jpg,1.610436
14179.jpg,1.6392694
14180.jpg,1.6152952
14183.jpg,1.6704309
14184.jpg,1.5476832
14185.jpg,1.5677342
14188.jpg,1.4980111
14190.jpg,1.540545
14194.jpg,1.59432
14195.jpg,1.63151
14197.jpg,1.6369276
14199.jpg,1.6482618
14200.jpg,1.6073763
14212.jpg,1.6150038
14217.jpg,1.5266838
14220.jpg,1.5893884
14223.jpg,1.6439064
14224.jpg,1.5506494
14228.jpg,1.542059
14234.jpg,1.6107922
14239.jpg,1.5768533
14240.jpg,1.6244576
14246.jpg,1.668828
14249.jpg,1.6222222
14251.jpg,1.6137528
14255.jpg,1.6768272
14257.jpg,1.6416731
14258.jpg,1.6282382
14260.jpg,1.6150935
14267.jpg,1.6076906
14274.jpg,1.6273186
14280.jpg,1.6017122
14286.jpg,1.5271482
14296.jpg,1.6333315
14298.jpg,1.5799792
14302.jpg,1.6049445
14307.jpg,1.6000683
14310.jpg,1.598952
14315.jpg,1.6308169
14318.jpg,1.5917003
14322.jpg,1.5827229
14326.jpg,1.6215806
14330.jpg,1.5950747
14333.jpg,1.6155639
14335.jpg,1.6306145
14338.jpg,1.5541294
14340.jpg,1.5974786
14342.jpg,1.4981081
14343.jpg,1.6855555
14345.jpg,1.6142576
14348.jpg,1.6738794
14349.jpg,1.6086729
14355.jpg,1.5620575
14357.jpg,1.5844374
14369.jpg,1.6009517
14370.jpg,1.6016111
14373.jpg,1.5794694
14374.jpg,1.6008861
14377.jpg,1.5574627
14380.jpg,1.5128479
14381.jpg,1.5041883
14382.jpg,1.6011724
14386.jpg,1.6297393
14393.jpg,1.6378303
14396.jpg,1.6355541
14399.jpg,1.6393101
14401.jpg,1.5607519
14405.jpg,1.6208525
14410.jpg,1.6114063
14411.jpg,1.6158159
14415.jpg,1.6020768
14420.jpg,1.6139371
14425.jpg,1.6331322
14426.jpg,1.6032004
14427.jpg,1.5952675
14434.jpg,1.6309972
14435.jpg,1.6171701
14439.jpg,1.5608885
14440.jpg,1.6290452
14441.jpg,1.6098285
14460.jpg,1.619401
14464.jpg,1.6163669
14467.jpg,1.6650007
14468.jpg,1.6683369
14473.jpg,1.612895
14474.jpg,1.5565898
14475.jpg,1.6395364
14482.jpg,1.5837946
14487.jpg,1.5902476
14488.jpg,1.6631305
14489.jpg,1.6146863
14493.jpg,1.6496103
14494.jpg,1.6145244
14497.jpg,1.6451545
14498.jpg,1.6036513
14502.jpg,1.6318936
14504.jpg,1.593611
14506.jpg,1.656553
14508.jpg,1.6407049
14510.jpg,1.5949755
14518.jpg,1.4902656
14531.jpg,1.6851373
14543.jpg,1.6530368
14544.jpg,1.5712163
14558.jpg,1.5854061
14559.jpg,1.6603966
14563.jpg,1.6087198
14568.jpg,1.6547618
14571.jpg,1.6042566
14574.jpg,1.6250453
14575.jpg,1.5697241
14582.jpg,1.5611839
14586.jpg,1.6359627
14589.jpg,1.6252992
14591.jpg,1.6447
14592.jpg,1.6588485
14593.jpg,1.658525
14599.jpg,1.6393542
14609.jpg,1.699117
14613.jpg,1.5887554
14614.jpg,1.5797002
14615.jpg,1.7139747
14619.jpg,1.6437957
14622.jpg,1.6597171
14623.jpg,1.6208827
14630.jpg,1.6219563
14635.jpg,1.6532295
14638.jpg,1.7230978
14642.jpg,1.6994033
14644.jpg,1.6357808
14649.jpg,1.6357493
14651.jpg,1.6278012
14653.jpg,1.6502144
14655.jpg,1.6435132
14658.jpg,1.7037919
14659.jpg,1.6272306
14664.jpg,1.6114337
14666.jpg,1.5506158
14667.jpg,1.579526
14671.jpg,1.6034415
14681.jpg,1.6123815
14682.jpg,1.6262004
14684.jpg,1.6415114
14687.jpg,1.635647
14688.jpg,1.5938559
14689.jpg,1.6727493
14695.jpg,1.6462262
14698.jpg,1.5938084
14700.jpg,1.626334
14701.jpg,1.6132839
14710.jpg,1.5794814
14712.jpg,1.5977423
14718.jpg,1.5824144
14724.jpg,1.6185749
14726.jpg,1.6325905
14727.jpg,1.6058095
14731.jpg,1.6038353
14738.jpg,1.6177845
14739.jpg,1.5849648
14741.jpg,1.6024432
14742.jpg,1.6291127
14743.jpg,1.6016631
14745.jpg,1.5648434
14746.jpg,1.6146717
14751.jpg,1.6410124
14762.jpg,1.6232371
14768.jpg,1.6517541
14774.jpg,1.6050742
14780.jpg,1.6058056
14783.jpg,1.5525832
14786.jpg,1.5507383
14793.jpg,1.5982144
14795.jpg,1.6068645
14798.jpg,1.5490727
14801.jpg,1.6287146
14804.jpg,1.5689948
14807.jpg,1.5512302
14817.jpg,1.611373
14818.jpg,1.5927134
14820.jpg,1.6409423
14822.jpg,1.596375
14824.jpg,1.618305
14825.jpg,1.6235061
14827.jpg,1.5946078
14828.jpg,1.5952358
14830.jpg,1.5825651
14836.jpg,1.6547685
14837.jpg,1.6436467
14842.jpg,1.6471357
14848.jpg,1.6137774
14857.jpg,1.5999587
14860.jpg,1.6109805
14862.jpg,1.5372312
14864.jpg,1.6036935
14868.jpg,1.6774421
14872.jpg,1.5829594
14873.jpg,1.5843694
14874.jpg,1.5343821
14876.jpg,1.5876505
14879.jpg,1.6071994
14890.jpg,1.5592837
14891.jpg,1.5894997
14893.jpg,1.587868
14896.jpg,1.5579212
14898.jpg,1.6728649
14902.jpg,1.6117418
14909.jpg,1.6029389
14910.jpg,1.5338333
14912.jpg,1.5904994
14913.jpg,1.60232
14917.jpg,1.6205709
14923.jpg,1.626462
14927.jpg,1.6475041
14931.jpg,1.624974
14940.jpg,1.5900455
14941.jpg,1.6000111
14942.jpg,1.575249
14945.jpg,1.6339247
14955.jpg,1.6893573
14957.jpg,1.6898375
14962.jpg,1.6328187
14965.jpg,1.6094391
14973.jpg,1.5833502
14976.jpg,1.6185644
14977.jpg,1.6551137
14978.jpg,1.6286561
14979.jpg,1.644546
14985.jpg,1.5466225
14989.jpg,1.601526
14993.jpg,1.6099424
14994.jpg,1.607867
14998.jpg,1.6337831
15002.jpg,1.6437933
15009.jpg,1.5864141
15010.jpg,1.7209249
15011.jpg,1.6933348
15012.jpg,1.7020357
15014.jpg,1.5933838
15019.jpg,1.6452813
15022.jpg,1.5750656
15024.jpg,1.6075897
15030.jpg,1.6058769
15031.jpg,1.5858204
15034.jpg,1.5636611
15035.jpg,1.5349576
15047.jpg,1.5958283
15050.jpg,1.5951624
15051.jpg,1.5885992
15055.jpg,1.5629249
15058.jpg,1.5051961
15062.jpg,1.5677938
15063.jpg,1.5637102
15064.jpg,1.5520959
15065.jpg,1.6328061
15066.jpg,1.5717933
15071.jpg,1.6466718
15077.jpg,1.6807492
15079.jpg,1.6334333
15080.jpg,1.6251388
15081.jpg,1.6397467
15085.jpg,1.6195374
15097.jpg,1.5571315
15099.jpg,1.6070676
15101.jpg,1.6303334
15108.jpg,1.6440299
15111.jpg,1.6182444
15113.jpg,1.6093488
15117.jpg,1.6452568
15130.jpg,1.6092117
15132.jpg,1.597245
15136.jpg,1.6950974
15143.jpg,1.614691
15149.jpg,1.6992083
15153.jpg,1.6302981
15161.jpg,1.6169136
15165.jpg,1.6438909
15171.jpg,1.6655698
15184.jpg,1.5886931
15190.jpg,1.638886
15191.jpg,1.6463435
15195.jpg,1.6082892
15197.jpg,1.6259887
15201.jpg,1.6520913
15204.jpg,1.6484501
15205.jpg,1.6270375
15207.jpg,1.596015
15209.jpg,1.628047
15211.jpg,1.6483784
15222.jpg,1.5689445
15228.jpg,1.6891227
15231.jpg,1.6103487
15234.jpg,1.5916896
15236.jpg,1.6276665
15238.jpg,1.6376896
15239.jpg,1.6000347
15244.jpg,1.6148431
15245.jpg,1.6285572
15246.jpg,1.6472902
15250.jpg,1.6553454
15251.jpg,1.674458
15262.jpg,1.6099517
15263.jpg,1.5885618
15264.jpg,1.5725484
15266.jpg,1.5729244
15268.jpg,1.6468828
15269.jpg,1.6466286
15281.jpg,1.6233919
15283.jpg,1.6265259
15286.jpg,1.6442723
15288.jpg,1.6513288
15290.jpg,1.5586796
15293.jpg,1.5549607
15297.jpg,1.6161101
15300.jpg,1.5487797
15310.jpg,1.6779108
15311.jpg,1.6478755
15312.jpg,1.5665579
15317.jpg,1.537909
15318.jpg,1.6301022
15319.jpg,1.607099
15322.jpg,1.5785267
15325.jpg,1.6309977
15328.jpg,1.5933523
15332.jpg,1.618531
15335.jpg,1.5719178
15336.jpg,1.620295
15338.jpg,1.6926625
15339.jpg,1.6944654
15340.jpg,1.7017338
15341.jpg,1.5556912
15342.jpg,1.599632
15344.jpg,1.5768118
15346.jpg,1.6053908
15347.jpg,1.7140248
15348.jpg,1.6082785
15355.jpg,1.7231307
15358.jpg,1.6316261
15362.jpg,1.6094463
15365.jpg,1.6894557
15368.jpg,1.5708082
15369.jpg,1.6105332
15370.jpg,1.6275997
15371.jpg,1.5414071
15374.jpg,1.6149223
15380.jpg,1.6467907
15381.jpg,1.6108699
15383.jpg,1.6668105
15388.jpg,1.6362579
15390.jpg,1.6295922
15392.jpg,1.6073987
15394.jpg,1.6213245
15396.jpg,1.6084692
15402.jpg,1.6015728
15403.jpg,1.6098833
15404.jpg,1.6061366
15405.jpg,1.6146045
15411.jpg,1.6181526
15414.jpg,1.6278169
15417.jpg,1.6000855
15432.jpg,1.5682735
15434.jpg,1.6135821
15452.jpg,1.6216645
15453.jpg,1.6283329
15456.jpg,1.6306117
15457.jpg,1.5944884
15458.jpg,1.627815
15462.jpg,1.6375391
15471.jpg,1.7007337
15474.jpg,1.6262848
15475.jpg,1.5749037
15476.jpg,1.5955751
15480.jpg,1.6300707
15488.jpg,1.5782561
15490.jpg,1.5668242
15492.jpg,1.5630062
15501.jpg,1.607758
15506.jpg,1.6733675
15517.jpg,1.5862472
15520.jpg,1.603234
15523.jpg,1.5797608
15526.jpg,1.5686054
15530.jpg,1.638349
15531.jpg,1.6250658
15532.jpg,1.6717598
15535.jpg,1.6346698
15537.jpg,1.6233323
15547.jpg,1.5899487
15548.jpg,1.610281
15549.jpg,1.7164245
15552.jpg,1.6024828
15553.jpg,1.6020663
15561.jpg,1.6353083
15566.jpg,1.6027503
15568.jpg,1.5835629
15569.jpg,1.5881736
15570.jpg,1.6577952
15572.jpg,1.6091037
15578.jpg,1.6203289
15583.jpg,1.6260424
15584.jpg,1.5448983
15590.jpg,1.6524668
15601.jpg,1.5857258
15602.jpg,1.672673
15608.jpg,1.6668177
15612.jpg,1.650722
15616.jpg,1.6387756
15624.jpg,1.6279948
15629.jpg,1.6382301
15640.jpg,1.7213366
15641.jpg,1.6933973
15643.jpg,1.6365204
15644.jpg,1.5992599
15648.jpg,1.6392632
15649.jpg,1.6477039
15651.jpg,1.5932221
15654.jpg,1.6525266
15657.jpg,1.593539
15658.jpg,1.66694
15660.jpg,1.597115
15661.jpg,1.6863651
15670.jpg,1.6463554
15675.jpg,1.6322439
15681.jpg,1.5993216
15684.jpg,1.6421437
15686.jpg,1.5957332
15689.jpg,1.5811293
15690.jpg,1.6496861
15692.jpg,1.6378677
15694.jpg,1.6512139
15696.jpg,1.6572676
15699.jpg,1.6173294
15703.jpg,1.6460133
15706.jpg,1.6602175
15707.jpg,1.5905397
15712.jpg,1.7701902
15713.jpg,1.634048
15722.jpg,1.6177633
15725.jpg,1.6304202
15727.jpg,1.618279
15729.jpg,1.609479
15731.jpg,1.6513717
15733.jpg,1.5496528
15738.jpg,1.6821213
15741.jpg,1.5608859
15742.jpg,1.5688229
15743.jpg,1.6959023
15744.jpg,1.703593
15745.jpg,1.6183677
15750.jpg,1.6387706
15751.jpg,1.6069119
15762.jpg,1.7182372
15763.jpg,1.6257308
15769.jpg,1.6227374
15771.jpg,1.6324418
15777.jpg,1.5943391
15779.jpg,1.564466
15781.jpg,1.6635714
15788.jpg,1.7108891
15791.jpg,1.6339779
15800.jpg,1.6261976
15807.jpg,1.6141157
15808.jpg,1.5833983
15815.jpg,1.6540408
15816.jpg,1.6782455
15818.jpg,1.5984867
15820.jpg,1.6560245
15823.jpg,1.7075744
15825.jpg,1.639718
15831.jpg,1.6230347
15833.jpg,1.6398807
15836.jpg,1.582969
15839.jpg,1.5889871
15846.jpg,1.5337625
15851.jpg,1.6518648
15857.jpg,1.6251469
15859.jpg,1.6168532
15869.jpg,1.5990596
15870.jpg,1.5988703
15872.jpg,1.5696499
15878.jpg,1.6475031
15886.jpg,1.6479588
15887.jpg,1.7140739
15888.jpg,1.5993154
15894.jpg,1.6921074
15898.jpg,1.615597
15899.jpg,1.6790173
15904.jpg,1.6442516
15907.jpg,1.6362598
15908.jpg,1.5490303
15914.jpg,1.7384596
15918.jpg,1.617234
15919.jpg,1.6151326
15920.jpg,1.7393723
15922.jpg,1.5887401
15925.jpg,1.6783352
15926.jpg,1.637845
15927.jpg,1.6507263
15932.jpg,1.6414528
15937.jpg,1.5972269
15941.jpg,1.6702695
15946.jpg,1.5943949
15948.jpg,1.6161034
15950.jpg,1.6964092
15952.jpg,1.6346314
15953.jpg,1.597203
15956.jpg,1.6208
15960.jpg,1.5254412
15961.jpg,1.6232841
15962.jpg,1.6042507
15969.jpg,1.6273351
15970.jpg,1.6370795
15973.jpg,1.6017249
15974.jpg,1.5707135
15984.jpg,1.6273956
15991.jpg,1.6092455
15995.jpg,1.627774
15996.jpg,1.6558135
15997.jpg,1.6594536
15999.jpg,1.5443895
16002.jpg,1.6482682
16007.jpg,1.5743661
16009.jpg,1.6277747
16010.jpg,1.583668
16015.jpg,1.5697486
16019.jpg,1.6317439
16021.jpg,1.6480899
16022.jpg,1.6369064
16024.jpg,1.6617801
16026.jpg,1.621011
16033.jpg,1.5686777
16037.jpg,1.6747432
16042.jpg,1.6320117
16043.jpg,1.6019936
16044.jpg,1.6331394
16045.jpg,1.6030066
16047.jpg,1.6660686
16055.jpg,1.6207435
16060.jpg,1.6001225
16061.jpg,1.6512692
16063.jpg,1.6263595
16064.jpg,1.6327891
16067.jpg,1.5804999
16071.jpg,1.5530069
16078.jpg,1.6699653
16082.jpg,1.6966178
16084.jpg,1.6082666
16090.jpg,1.6943944
16092.jpg,1.6442606
16094.jpg,1.6908839
16095.jpg,1.643352
16098.jpg,1.6241968
16103.jpg,1.5991507
16104.jpg,1.6018114
16107.jpg,1.6697907
16109.jpg,1.6381149
16112.jpg,1.703928
16115.jpg,1.6361697
16118.jpg,1.5988395
16119.jpg,1.6055346
16121.jpg,1.618881
16123.jpg,1.637296
16127.jpg,1.6340077
16129.jpg,1.6089289
16140.jpg,1.6388769
16143.jpg,1.610528
16147.jpg,1.674864
16153.jpg,1.6510797
16154.jpg,1.6592097
16155.jpg,1.5821755
16157.jpg,1.5934224
16166.jpg,1.6240005
16170.jpg,1.5722194
16174.jpg,1.6290245
16181.jpg,1.6478016
16188.jpg,1.6192122
16201.jpg,1.6634445
16205.jpg,1.6627002
16206.jpg,1.6562207
16207.jpg,1.5996609
16208.jpg,1.6744723
16220.jpg,1.7180631
16224.jpg,1.6756616
16225.jpg,1.6823752
16226.jpg,1.6276937
16228.jpg,1.6228015
16230.jpg,1.5044472
16232.jpg,1.6143606
16233.jpg,1.6766818
16236.jpg,1.6157053
16245.jpg,1.6066146
16246.jpg,1.6248636
16248.jpg,1.5956137
16249.jpg,1.6303713
16256.jpg,1.6419954
16257.jpg,1.6502609
16266.jpg,1.619365
16267.jpg,1.6083212
16269.jpg,1.6073644
16271.jpg,1.6438959
16273.jpg,1.6280198
16276.jpg,1.5851228
16278.jpg,1.6695573
16279.jpg,1.6485224
16284.jpg,1.6054819
16287.jpg,1.6965156
16290.jpg,1.6057515
16297.jpg,1.5880907
16298.jpg,1.628586
16299.jpg,1.5977378
16300.jpg,1.5135865
16302.jpg,1.603842
16303.jpg,1.6325536
16304.jpg,1.5965447
16307.jpg,1.6499312
16308.jpg,1.5396297
16313.jpg,1.6211092
16316.jpg,1.6072445
16317.jpg,1.656704
16325.jpg,1.5014915
16329.jpg,1.523571
16331.jpg,1.5485125
16336.jpg,1.4872696
16340.jpg,1.5593607
16344.jpg,1.6264739
16345.jpg,1.5251756
16349.jpg,1.6705513
16350.jpg,1.5303245
16352.jpg,1.6539226
16363.jpg,1.7521682
16367.jpg,1.5537634
16368.jpg,1.5642943
16370.jpg,1.6723485
16371.jpg,1.6458757
16375.jpg,1.6077461
16378.jpg,1.6997414
16382.jpg,1.6464136
16384.jpg,1.6559913
16386.jpg,1.681879
16388.jpg,1.5575583
16392.jpg,1.6513548
16396.jpg,1.6331046
16399.jpg,1.6858461
16401.jpg,1.6244979
16409.jpg,1.7266417
16412.jpg,1.6891677
16415.jpg,1.6512668
16419.jpg,1.5989733
16421.jpg,1.6158361
16422.jpg,1.6671057
16424.jpg,1.6891038
16426.jpg,1.6473105
16430.jpg,1.6005802
16432.jpg,1.6886668
16433.jpg,1.6189225
16438.jpg,1.6507926
16442.jpg,1.6181185
16444.jpg,1.5857635
16449.jpg,1.5992815
16456.jpg,1.6249516
16457.jpg,1.6201553
16458.jpg,1.6226287
16459.jpg,1.6122432
16462.jpg,1.6649005
16466.jpg,1.6050179
16468.jpg,1.6551397
16471.jpg,1.576127
16472.jpg,1.5942667
16479.jpg,1.6901791
16481.jpg,1.6030533
16482.jpg,1.6251342
16485.jpg,1.5505574
16486.jpg,1.5748465
16490.jpg,1.6052768
16496.jpg,1.68891
16503.jpg,1.6475911
16506.jpg,1.5756536
16507.jpg,1.6526508
16508.jpg,1.596338
16511.jpg,1.5922568
16514.jpg,1.6439362
16515.jpg,1.5534911
16519.jpg,1.6859214
16523.jpg,1.5954328
16524.jpg,1.5856769
16525.jpg,1.5778575
16529.jpg,1.604919
16533.jpg,1.602294
16537.jpg,1.6290622
16541.jpg,1.6458478
16550.jpg,1.5974791
16552.jpg,1.6324489
16557.jpg,1.6952345
16558.jpg,1.6303263
16559.jpg,1.5907345
16565.jpg,1.6257918
16566.jpg,1.6456599
16568.jpg,1.673147
16580.jpg,1.5722182
16581.jpg,1.6321504
16584.jpg,1.5916462
16585.jpg,1.6715302
16586.jpg,1.606123
16588.jpg,1.6451936
16591.jpg,1.6894894
16594.jpg,1.6135943
16597.jpg,1.656903
16603.jpg,1.6177466
16604.jpg,1.6219995
16605.jpg,1.6112099
16610.jpg,1.6269104
16611.jpg,1.5961261
16613.jpg,1.6505508
16615.jpg,1.6627002
16616.jpg,1.6222041
16621.jpg,1.5659926
16624.jpg,1.6262157
16625.jpg,1.6194985
16626.jpg,1.6518524
16627.jpg,1.6058342
16630.jpg,1.5986578
16632.jpg,1.664748
16633.jpg,1.6498246
16634.jpg,1.6420801
16636.jpg,1.5752814
16637.jpg,1.779316
16640.jpg,1.5984883
16642.jpg,1.6488676
16647.jpg,1.5673926
16649.jpg,1.6896174
16656.jpg,1.6135643
16657.jpg,1.5974832
16659.jpg,1.6405771
16660.jpg,1.6073756
16661.jpg,1.615345
16664.jpg,1.667547
16672.jpg,1.6401167
16673.jpg,1.5378923
16680.jpg,1.7016366
16682.jpg,1.6625011
16684.jpg,1.6276443
16697.jpg,1.5345554
16700.jpg,1.6276963
16715.jpg,1.5887377
16719.jpg,1.5584159
16727.jpg,1.5865655
16728.jpg,1.6455832
16732.jpg,1.6455777
16735.jpg,1.6530218
16739.jpg,1.5830433
16749.jpg,1.6651843
16751.jpg,1.6180818
16752.jpg,1.5953884
16759.jpg,1.5968246
16763.jpg,1.6037879
16765.jpg,1.5517807
16766.jpg,1.6056943
16771.jpg,1.7722654
16777.jpg,1.5826716
16779.jpg,1.6476083
16786.jpg,1.6028855
16787.jpg,1.5887094
16788.jpg,1.5670762
16789.jpg,1.6360724
16791.jpg,1.6158004
16795.jpg,1.5876002
16798.jpg,1.597956
16799.jpg,1.6229935
16802.jpg,1.6394553
16806.jpg,1.592222
16807.jpg,1.590749
16808.jpg,1.6085486
16811.jpg,1.582454
16815.jpg,1.6192667
16817.jpg,1.618509
16819.jpg,1.5909858
16820.jpg,1.5970285
16822.jpg,1.6447415
16823.jpg,1.6517162
16824.jpg,1.6136477
16825.jpg,1.6926911
16828.jpg,1.6133122
16830.jpg,1.5142939
16831.jpg,1.4735484
16832.jpg,1.687135
16833.jpg,1.5985417
16841.jpg,1.6074598
16847.jpg,1.60675
16848.jpg,1.552155
16850.jpg,1.6272013
16851.jpg,1.5700433
16858.jpg,1.5413015
16859.jpg,1.6211495
16862.jpg,1.5940769
16863.jpg,1.59356
16867.jpg,1.6307633
16872.jpg,1.5840986
16874.jpg,1.6326044
16881.jpg,1.5968666
16884.jpg,1.6414943
16887.jpg,1.5809782
16888.jpg,1.6317644
16889.jpg,1.5945513
16891.jpg,1.5070465
16896.jpg,1.5869284
16898.jpg,1.619462
16899.jpg,1.666503
16902.jpg,1.6193383
16903.jpg,1.6012659
16904.jpg,1.620889
16905.jpg,1.6094301
16910.jpg,1.6362774
16912.jpg,1.6057796
16913.jpg,1.5501237
16914.jpg,1.6181943
16918.jpg,1.6631634
16922.jpg,1.6878653
16923.jpg,1.6018553
16926.jpg,1.6427186
16927.jpg,1.6170108
16933.jpg,1.6018214
16943.jpg,1.5933318
16944.jpg,1.6541376
16949.jpg,1.6032174
16950.jpg,1.585974
16957.jpg,1.6084702
16958.jpg,1.5979664
16962.jpg,1.6961863
16968.jpg,1.6561105
16969.jpg,1.5772481
16971.jpg,1.5688627
16976.jpg,1.6055334
16978.jpg,1.5949168
16982.jpg,1.6435211
16984.jpg,1.5735745
16991.jpg,1.6504321
16993.jpg,1.6399083
16996.jpg,1.6081138
17002.jpg,1.5710073
17008.jpg,1.6974249
17014.jpg,1.6002743
17018.jpg,1.5853329
17019.jpg,1.6407611
17024.jpg,1.650759
17029.jpg,1.6640146
17030.jpg,1.578716
17032.jpg,1.5949056
17039.jpg,1.6226737
17052.jpg,1.5962372
17054.jpg,1.7102535
17056.jpg,1.5270269
17058.jpg,1.6133883
17064.jpg,1.5860627
17066.jpg,1.578831
17067.jpg,1.576705
17071.jpg,1.6277096
17075.jpg,1.6637261
17077.jpg,1.6006362
17079.jpg,1.5905337
17082.jpg,1.7317572
17083.jpg,1.6678598
17085.jpg,1.5563529
17089.jpg,1.5500002
17095.jpg,1.6619616
17096.jpg,1.608115
17098.jpg,1.5719674
17101.jpg,1.6492853
17102.jpg,1.6290255
17103.jpg,1.6258578
17106.jpg,1.5971732
17108.jpg,1.5804234
17109.jpg,1.6334267
17110.jpg,1.6559105
17113.jpg,1.6112309
17116.jpg,1.707536
17120.jpg,1.5661819
17123.jpg,1.5997415
17127.jpg,1.5823183
17132.jpg,1.6908708
17133.jpg,1.6149762
17135.jpg,1.6253731
17136.jpg,1.6814003
17145.jpg,1.6559591
17146.jpg,1.6093886
17160.jpg,1.6056132
17164.jpg,1.5406291
17169.jpg,1.6259558
17170.jpg,1.626365
17172.jpg,1.648879
17175.jpg,1.6569843
17180.jpg,1.599364
17184.jpg,1.5803576
17192.jpg,1.6026375
17193.jpg,1.6121731
17194.jpg,1.5724022
17200.jpg,1.5285826
17201.jpg,1.6641519
17203.jpg,1.6901207
17205.jpg,1.6281798
17209.jpg,1.6755488
17212.jpg,1.6700535
17214.jpg,1.6663952
17216.jpg,1.6372218
17218.jpg,1.6231961
17219.jpg,1.5971541
17225.jpg,1.6370492
17237.jpg,1.5606759
17245.jpg,1.5866978
17246.jpg,1.6408014
17252.jpg,1.6104729
17260.jpg,1.6744485
17266.jpg,1.6282456
17267.jpg,1.6517162
17274.jpg,1.6309736
17275.jpg,1.6398523
17276.jpg,1.553571
17277.jpg,1.5172696
17278.jpg,1.6201847
17287.jpg,1.5550349
17292.jpg,1.6044965
17293.jpg,1.6713598
17298.jpg,1.6409707
17300.jpg,1.6484041
17303.jpg,1.6473701
17315.jpg,1.5807061
17318.jpg,1.5354648
17320.jpg,1.6878123
17321.jpg,1.6101446
17335.jpg,1.6242683
17343.jpg,1.6320658
17347.jpg,1.6790409
17350.jpg,1.6903083
17352.jpg,1.6627014
17358.jpg,1.5998535
17360.jpg,1.5542803
17365.jpg,1.6187778
17367.jpg,1.5937197
17369.jpg,1.6217251
17373.jpg,1.5926013
17376.jpg,1.511075
17379.jpg,1.5448513
17384.jpg,1.5932205
17388.jpg,1.5714102
17390.jpg,1.6333237
17391.jpg,1.6147296
17392.jpg,1.6006093
17394.jpg,1.6872561
17410.jpg,1.6231513
17412.jpg,1.6445096
17419.jpg,1.5968835
17420.jpg,1.6150706
17425.jpg,1.6042123
17432.jpg,1.5997088
17435.jpg,1.6287847
17443.jpg,1.6524007
17445.jpg,1.6581812
17447.jpg,1.6072171
17448.jpg,1.5725241
17450.jpg,1.5456953
17452.jpg,1.5554378
17454.jpg,1.5620878
17458.jpg,1.6053293
17460.jpg,1.600698
17461.jpg,1.621511
17462.jpg,1.6051488
17467.jpg,1.6147103
17468.jpg,1.6666663
17469.jpg,1.6370122
17492.jpg,1.6677682
17493.jpg,1.554174
17494.jpg,1.5884283
17498.jpg,1.5495758
17500.jpg,1.5967457
17504.jpg,1.5625398
17508.jpg,1.6253588
17509.jpg,1.7284296
17510.jpg,1.6094892
17516.jpg,1.6204643
17526.jpg,1.6162782
17535.jpg,1.6107502
17536.jpg,1.5882802
17538.jpg,1.617409
17542.jpg,1.620955
17543.jpg,1.5855341
17545.jpg,1.5921888
17560.jpg,1.645673
17561.jpg,1.6390116
17566.jpg,1.5703926
17573.jpg,1.6000154
17574.jpg,1.6235361
17577.jpg,1.6053836
17578.jpg,1.6036382
17585.jpg,1.6108
17588.jpg,1.6122143
17591.jpg,1.4687986
17592.jpg,1.6797531
17599.jpg,1.49682
17602.jpg,1.6272063
17614.jpg,1.6925416
17615.jpg,1.7265282
17624.jpg,1.648685
17625.jpg,1.6222413
17626.jpg,1.5852182
17630.jpg,1.6409578
17633.jpg,1.6326928
17642.jpg,1.6143789
17648.jpg,1.6544733
17650.jpg,1.6468465
17653.jpg,1.6338859
17654.jpg,1.5756118
17656.jpg,1.6076877
17657.jpg,1.6084099
17663.jpg,1.609535
17665.jpg,1.5481706
17667.jpg,1.6958303
17671.jpg,1.6449709
17674.jpg,1.6261599
17675.jpg,1.6396976
17676.jpg,1.6617069
17678.jpg,1.6607046
17681.jpg,1.619545
17687.jpg,1.5941489
17688.jpg,1.6242349
17690.jpg,1.5841429
17693.jpg,1.6318622
17694.jpg,1.607326
17696.jpg,1.6702409
17697.jpg,1.6053042
17699.jpg,1.6248305
17701.jpg,1.6756461
17705.jpg,1.6114378
17706.jpg,1.6652453
17709.jpg,1.7336001
17713.jpg,1.6068747
17715.jpg,1.5729957
17716.jpg,1.69193
17718.jpg,1.5713286
17725.jpg,1.7015762
17730.jpg,1.5931258
17733.jpg,1.634207
17736.jpg,1.5791776
17744.jpg,1.5776253
17747.jpg,1.5442798
17751.jpg,1.620271
17755.jpg,1.6140723
17760.jpg,1.6539321
17765.jpg,1.5908144
17768.jpg,1.6362348
17771.jpg,1.6328316
17772.jpg,1.6132619
17773.jpg,1.5974851
17775.jpg,1.6510746
17778.jpg,1.6774964
17780.jpg,1.6919279
17782.jpg,1.6162095
17783.jpg,1.6005747
17785.jpg,1.6386659
17790.jpg,1.6573534
17791.jpg,1.5831034
17797.jpg,1.4973435
17801.jpg,1.6212232
17803.jpg,1.6211185
17805.jpg,1.6292746
17810.jpg,1.6712148
17813.jpg,1.5914538
17821.jpg,1.6147537
17823.jpg,1.5915112
17824.jpg,1.7062445
17825.jpg,1.6155062
17827.jpg,1.6500714
17830.jpg,1.6452124
17835.jpg,1.7392235
17839.jpg,1.6210222
17840.jpg,1.6251817
17846.jpg,1.5983627
17847.jpg,1.7088516
17848.jpg,1.7074504
17849.jpg,1.5851526
17850.jpg,1.7105424
17855.jpg,1.6706986
17856.jpg,1.6037431
17860.jpg,1.6813476
17861.jpg,1.6115468
17870.jpg,1.6954
17874.jpg,1.6178987
17877.jpg,1.5617564
17884.jpg,1.6099181
17891.jpg,1.5928965
17893.jpg,1.529954
17898.jpg,1.524641
17901.jpg,1.6556344
17904.jpg,1.568748
17905.jpg,1.6160562
17912.jpg,1.5943246
17915.jpg,1.6242485
17917.jpg,1.6264751
17919.jpg,1.6134701
17923.jpg,1.6233013
17925.jpg,1.5917566
17933.jpg,1.6288593
17934.jpg,1.5973425
17935.jpg,1.5830257
17942.jpg,1.5838361
17944.jpg,1.7029917
17945.jpg,1.5452156
17952.jpg,1.5120406
17953.jpg,1.631223
17955.jpg,1.561626
17960.jpg,1.6067431
17962.jpg,1.6485956
17968.jpg,1.6707911
17969.jpg,1.6275699
17979.jpg,1.5916152
17981.jpg,1.6253452
17982.jpg,1.59378
17986.jpg,1.6113205
17987.jpg,1.6131191
17991.jpg,1.7176781
17992.jpg,1.7635674
17994.jpg,1.6165144
17998.jpg,1.7236037
18002.jpg,1.6238375
18003.jpg,1.6699402
18004.jpg,1.641798
18005.jpg,1.6443541
18013.jpg,1.6296363
18014.jpg,1.6319134
18017.jpg,1.6221755
18019.jpg,1.6053326
18022.jpg,1.6285553
18026.jpg,1.612613
18030.jpg,1.6514299
18031.jpg,1.7169902
18034.jpg,1.6305366
18038.jpg,1.6669598
18039.jpg,1.6203969
18046.jpg,1.6466482
18048.jpg,1.6306496
18053.jpg,1.4743984
18057.jpg,1.6118975
18061.jpg,1.583231
18062.jpg,1.6069338
18066.jpg,1.7026186
18067.jpg,1.6357462
18070.jpg,1.6509607
18073.jpg,1.6664448
18074.jpg,1.6771314
18080.jpg,1.5762653
18101.jpg,1.641794
18102.jpg,1.6326764
18104.jpg,1.6251004
18106.jpg,1.6479661
18108.jpg,1.603451
18114.jpg,1.5828996
18117.jpg,1.6877592
18118.jpg,1.6456954
18122.jpg,1.6831663
18126.jpg,1.5787854
18135.jpg,1.5549269
18138.jpg,1.6699047
18140.jpg,1.5897303
18141.jpg,1.6771886
18148.jpg,1.6181605
18149.jpg,1.5546703
18151.jpg,1.6653483
18152.jpg,1.6443202
18157.jpg,1.5875628
18158.jpg,1.650851
18160.jpg,1.646512
18161.jpg,1.6369405
18162.jpg,1.6413121
18163.jpg,1.6944358
18171.jpg,1.6192863
18172.jpg,1.639499
18179.jpg,1.6544685
18181.jpg,1.6285601
18182.jpg,1.6193926
18184.jpg,1.6341615
18186.jpg,1.6538548
18193.jpg,1.692719
18197.jpg,1.6108835
18198.jpg,1.6328087
18199.jpg,1.617923
18202.jpg,1.6069813
18206.jpg,1.7267754
